query,page,impressions,clics,ctr,position
digitallis guadeloupe,https://www.digitallis.fr/blog/digitallis-guadeloupe/,2020,361,17.87,1.1
création site web Guadeloupe,https://www.digitallis.fr/blog/creation-site-web-guadeloupe/,1040,51,4.9,2.9
comment améliorer son référencement local,https://www.digitallis.fr/blog/comment-ameliorer-son-referencement-local/,964,10,1.04,3.9
agence digitale Guadeloupe,https://www.digitallis.fr/blog/agence-digitale-guadeloupe/,818,14,1.71,3.3
digitallis agence,https://www.digitallis.fr/blog/digitallis-agence/,812,166,20.44,1.2
agence digitallis,https://www.digitallis.fr/blog/agence-digitallis/,810,165,20.37,1.2
stratégie réseaux sociaux entreprise,https://www.digitallis.fr/blog/strategie-reseaux-sociaux-entreprise/,790,19,2.41,2.6
site internet guadeloupe pas cher,https://www.digitallis.fr/blog/site-internet-guadeloupe-pas-cher/,788,62,7.87,2.4
différence SEO SEA,https://www.digitallis.fr/blog/difference-seo-sea/,703,21,2.99,2.3
community manager Guadeloupe,https://www.digitallis.fr/blog/community-manager-guadeloupe/,638,6,0.94,3.8
comment choisir agence digitale,https://www.digitallis.fr/blog/comment-choisir-agence-digitale/,624,6,0.96,4.0
comment créer une fiche Google My Business,https://www.digitallis.fr/blog/comment-creer-une-fiche-google-my-business/,555,36,6.49,1.7
persona marketing exemple,https://www.digitallis.fr/blog/persona-marketing-exemple/,531,21,3.95,2.9
création site vitrine guadeloupe,https://www.digitallis.fr/blog/creation-site-vitrine-guadeloupe/,530,41,7.74,2.7
prix community manager freelance,https://www.digitallis.fr/blog/prix-community-manager-freelance/,530,8,1.51,4.9
marketing digital Guadeloupe,https://www.digitallis.fr/blog/marketing-digital-guadeloupe/,506,8,1.58,4.7
outils planification réseaux sociaux gratuits,https://www.digitallis.fr/blog/outils-planification-reseaux-sociaux-gratuits/,462,12,2.6,3.9
référencement SEO Guadeloupe,https://www.digitallis.fr/blog/referencement-seo-guadeloupe/,456,4,0.88,5.8
taux engagement Instagram 2024,https://www.digitallis.fr/blog/taux-engagement-instagram-2024/,436,11,2.52,3.0
landing page conversion optimisation,https://www.digitallis.fr/blog/landing-page-conversion-optimisation/,419,12,2.86,3.5
agence communication 971,https://www.digitallis.fr/blog/agence-communication-971/,417,3,0.72,5.7
comment mesurer ROI réseaux sociaux,https://www.digitallis.fr/blog/comment-mesurer-roi-reseaux-sociaux/,390,4,1.03,5.9
devis site web guadeloupe,https://www.digitallis.fr/blog/devis-site-web-guadeloupe/,388,31,7.99,2.8
algorithme Facebook entreprise,https://www.digitallis.fr/blog/algorithme-facebook-entreprise/,376,7,1.86,4.8
calendrier éditorial template,https://www.digitallis.fr/blog/calendrier-editorial-template/,357,13,3.64,3.7
erreurs SEO débutants,https://www.digitallis.fr/blog/erreurs-seo-debutants/,344,10,2.91,4.0
agence web Pointe-à-Pitre,https://www.digitallis.fr/blog/agence-web-pointe-a-pitre/,341,5,1.47,5.3
création logo Guadeloupe,https://www.digitallis.fr/blog/creation-logo-guadeloupe/,317,4,1.26,6.7
digitallis avis,https://www.digitallis.fr/blog/digitallis-avis/,310,56,18.06,1.7
publicité Facebook Guadeloupe,https://www.digitallis.fr/blog/publicite-facebook-guadeloupe/,284,2,0.7,7.4
outils veille concurrentielle gratuits,https://www.digitallis.fr/blog/outils-veille-concurrentielle-gratuits/,277,5,1.81,5.5
KPI community manager,https://www.digitallis.fr/blog/kpi-community-manager/,276,5,1.81,5.4
refonte site web guadeloupe,https://www.digitallis.fr/blog/refonte-site-web-guadeloupe/,275,14,5.09,3.6
gestion réseaux sociaux PME Guadeloupe,https://www.digitallis.fr/blog/gestion-reseaux-sociaux-pme-guadeloupe/,266,3,1.13,6.6
contenu evergreen blog entreprise,https://www.digitallis.fr/blog/contenu-evergreen-blog-entreprise/,263,2,0.76,7.2
agence web basse-terre,https://www.digitallis.fr/blog/agence-web-basse-terre/,234,22,9.4,3.7
brief créatif réseaux sociaux,https://www.digitallis.fr/blog/brief-creatif-reseaux-sociaux/,223,2,0.9,7.7
newsletter vs réseaux sociaux,https://www.digitallis.fr/blog/newsletter-vs-reseaux-sociaux/,222,1,0.45,7.9
agence SEO locale petite entreprise,https://www.digitallis.fr/blog/agence-seo-locale-petite-entreprise/,212,1,0.47,8.2
stratégie digitale Antilles,https://www.digitallis.fr/blog/strategie-digitale-antilles/,201,1,0.5,6.9
formation réseaux sociaux Guadeloupe,https://www.digitallis.fr/blog/formation-reseaux-sociaux-guadeloupe/,187,1,0.53,8.2
wordpress guadeloupe,https://www.digitallis.fr/blog/wordpress-guadeloupe/,182,11,6.04,4.2
consultant SEO Guadeloupe,https://www.digitallis.fr/blog/consultant-seo-guadeloupe/,172,1,0.58,8.6
création site e-commerce Antilles,https://www.digitallis.fr/blog/creation-site-e-commerce-antilles/,163,1,0.61,9.1
audit SEO Guadeloupe,https://www.digitallis.fr/blog/audit-seo-guadeloupe/,162,0,0.0,9.8
formation marketing digital Guadeloupe 2024,https://www.digitallis.fr/blog/formation-marketing-digital-guadeloupe-2024/,140,0,0.0,9.8
rédaction web SEO 971,https://www.digitallis.fr/blog/redaction-web-seo-971/,136,0,0.0,10.6
agence digitale spécialisée tourisme Guadeloupe,https://www.digitallis.fr/blog/agence-digitale-specialisee-tourisme-guadeloupe/,106,1,0.94,11.9
pub Instagram Guadeloupe restaurant,https://www.digitallis.fr/blog/pub-instagram-guadeloupe-restaurant/,103,0,0.0,14.3
community manager freelance Guadeloupe,https://www.digitallis.fr/blog/community-manager-freelance-guadeloupe/,96,0,0.0,12.1
